Estimator,MAE,RMSE,Max|err|
Riemann R,1.896172248714907,2.5037056082474667,9.783424873397507
PCPI (α*),1.5778147805161886,2.0969735112743835,8.271724341712797
